Subject,Music_Condition,Phase,Theta_Mean,Theta_Std,Alpha_Mean,Alpha_Std,iAF_Mean,iAF_Std
A_M,classical,baseline_EC,2.653534152356551,1.3013758237532402,3.699478495633281,2.8755315822009284,1.3688899560005277,0.4847774565938581
A_M,classical,baseline_EO,2.3386362515402515,1.199866736917688,4.580314584963572,3.8177095420988576,1.9234300053096136,0.5658112460732595
A_M,classical,break1,2.651704067628591,1.2058504350843986,3.4365914101240063,1.6455739293983715,1.3358926572896712,0.2782969469451269
A_M,classical,break2,3.135741135259004,1.8362514260950753,3.3724813104901075,4.089865250381325,1.0235440384691965,0.47187270556335564
A_M,classical,meditation,2.524031669217288,1.156327490005082,2.8578053852587355,1.4155513813708902,1.1686324932644083,0.2615678751177555
A_M,classical,task_music,3.3647225606952444,2.9696910929219325,3.015161902925628,1.9027989722872385,1.1020798469512916,0.46218636683803327
A_M,classical,task_no_music,2.2802505340248738,1.0732947420803647,2.8422212656045844,1.768243236226289,1.2629530735832732,0.4207004597850418
